           "versionYYYYMMDD", 20140317         
          "LogFormatVersion",  20140317         
                  "ExitCode",  0                
               "ExitCodeStr", "CALIBRATION_OK"  
              "CalibDateStr", "2011.01.10-07h07m55s"
              "CalibDateSec",  1294643275       
         "WorkstationNumber", ""                
      "CommandLineArguments", "DSCalibrator -c /data/data/com.intel.realsense.oemtools/cache/R200/Camera_4031804415/Calibration/CornerData.dat -os 4031804415 -lr /data/data/com.intel.realsense.oemtools/cache/R200/Camera_4031804415/Calibration/CalibRectParameters.dat -cir 2 +41 -oc CalibRectParameters -od /data/data/com.intel.realsense.oemtools/cache/R200/Camera_4031804415/Calibration"
          "DeepSeaIFVersion",  0                
        "ModuleSerialNumber",  0                
            "ModuleTypeCode",  0                
            "LRLensTypeCode",  0                
         "ThirdLensTypeCode",  0                
       "CalibTargetTypeCode",  1                
             "SingleLeftRMS",  0                
             "SingleLeftFLX",  0                
             "SingleLeftFLY",  0                
             "SingleLeftPPX",  0                
             "SingleLeftPPY",  0                
        "SingleLeftDistort0",  0                
        "SingleLeftDistort1",  0                
        "SingleLeftDistort2",  0                
        "SingleLeftDistort3",  0                
        "SingleLeftDistort4",  0                
         "SingleLeftHFOVDeg",  0                
         "SingleLeftVFOVDeg",  0                
   "RightCalibrationSuccess",  1                
            "SingleRightRMS",  0                
            "SingleRightFLX",  0                
            "SingleRightFLY",  0                
            "SingleRightPPX",  0                
            "SingleRightPPY",  0                
       "SingleRightDistort0",  0                
       "SingleRightDistort1",  0                
       "SingleRightDistort2",  0                
       "SingleRightDistort3",  0                
       "SingleRightDistort4",  0                
        "SingleRightHFOVDeg",  0                
        "SingleRightVFOVDeg",  0                
   "ThirdCalibrationSuccess",  0                
            "SingleThirdRMS",  0.6395823783     
            "SingleThirdFLX",  1379.746235      
            "SingleThirdFLY",  1383.595934      
            "SingleThirdPPX",  974.682511       
            "SingleThirdPPY",  533.7263083      
       "SingleThirdDistort0",  0.06038657148    
       "SingleThirdDistort1", -0.1284428266     
       "SingleThirdDistort2",  0.0003286948027  
       "SingleThirdDistort3", -0.0003425013238  
       "SingleThirdDistort4",  0                
        "SingleThirdHFOVDeg",  68.92783356      
        "SingleThirdVFOVDeg",  42.2044754       
     "LR_CalibrationSuccess",  1                
                    "LR_RMS",  0                
                   "LeftRMS",  0                
                   "LeftFLX",  0                
                   "LeftFLY",  0                
                   "LeftPPX",  0                
                   "LeftPPY",  0                
              "LeftDistort0",  0                
              "LeftDistort1",  0                
              "LeftDistort2",  0                
              "LeftDistort3",  0                
              "LeftDistort4",  0                
                  "RightRMS",  0                
                  "RightFLX",  0                
                  "RightFLY",  0                
                  "RightPPX",  0                
                  "RightPPY",  0                
             "RightDistort0",  0                
             "RightDistort1",  0                
             "RightDistort2",  0                
             "RightDistort3",  0                
             "RightDistort4",  0                
             "LR_RodriguesX",  0                
             "LR_RodriguesY",  0                
             "LR_RodriguesZ",  0                
           "LR_TranslationX",  0                
           "LR_TranslationY",  0                
           "LR_TranslationZ",  0                
                "LR_HFOVDeg",  0                
                "LR_VFOVDeg",  0                
     "LT_CalibrationSuccess",  0                
                  "ThirdRMS",  0.6415533031     
                  "ThirdFLX",  1381.653028      
                  "ThirdFLY",  1385.468046      
                  "ThirdPPX",  976.5537775      
                  "ThirdPPY",  533.6261702      
             "ThirdDistort0",  0.06103103331    
             "ThirdDistort1", -0.1282569579     
             "ThirdDistort2",  0.0003691093069  
             "ThirdDistort3",  0.0001453712324  
             "ThirdDistort4",  0                
             "LT_RodriguesX",  0.001006344971   
             "LT_RodriguesY", -0.0008857807689  
             "LT_RodriguesZ",  0.001434252924   
           "LT_TranslationX", -58.0250628       
           "LT_TranslationY",  0.01972780622    
           "LT_TranslationZ", -0.7703642393     
                "LT_HFOVDeg",  0                
                "LT_VFOVDeg",  0                
