           "versionYYYYMMDD", 20140317         
          "LogFormatVersion",  20140317         
                  "ExitCode",  0                
               "ExitCodeStr", "CALIBRATION_OK"  
              "CalibDateStr", "2011.01.10-06h04m41s"
              "CalibDateSec",  1294639481       
         "WorkstationNumber", ""                
      "CommandLineArguments", "DSCalibrator -c /data/data/com.intel.realsense.oemtools/cache/R200/Camera_4031802415/Calibration/CornerData.dat -os 4031802415 -lr /data/data/com.intel.realsense.oemtools/cache/R200/Camera_4031802415/Calibration/CalibRectParameters.dat -cir 2 +41 -oc CalibRectParameters -od /data/data/com.intel.realsense.oemtools/cache/R200/Camera_4031802415/Calibration"
          "DeepSeaIFVersion",  0                
        "ModuleSerialNumber",  0                
            "ModuleTypeCode",  0                
            "LRLensTypeCode",  0                
         "ThirdLensTypeCode",  0                
       "CalibTargetTypeCode",  1                
             "SingleLeftRMS",  0                
             "SingleLeftFLX",  0                
             "SingleLeftFLY",  0                
             "SingleLeftPPX",  0                
             "SingleLeftPPY",  0                
        "SingleLeftDistort0",  0                
        "SingleLeftDistort1",  0                
        "SingleLeftDistort2",  0                
        "SingleLeftDistort3",  0                
        "SingleLeftDistort4",  0                
         "SingleLeftHFOVDeg",  0                
         "SingleLeftVFOVDeg",  0                
   "RightCalibrationSuccess",  1                
            "SingleRightRMS",  0                
            "SingleRightFLX",  0                
            "SingleRightFLY",  0                
            "SingleRightPPX",  0                
            "SingleRightPPY",  0                
       "SingleRightDistort0",  0                
       "SingleRightDistort1",  0                
       "SingleRightDistort2",  0                
       "SingleRightDistort3",  0                
       "SingleRightDistort4",  0                
        "SingleRightHFOVDeg",  0                
        "SingleRightVFOVDeg",  0                
   "ThirdCalibrationSuccess",  0                
            "SingleThirdRMS",  0.5890625598     
            "SingleThirdFLX",  1375.667639      
            "SingleThirdFLY",  1379.3813        
            "SingleThirdPPX",  945.855989       
            "SingleThirdPPY",  546.9555653      
       "SingleThirdDistort0",  0.07119190864    
       "SingleThirdDistort1", -0.1369906751     
       "SingleThirdDistort2",  0.000783238619   
       "SingleThirdDistort3", -0.001928459575   
       "SingleThirdDistort4",  0                
        "SingleThirdHFOVDeg",  68.91609192      
        "SingleThirdVFOVDeg",  42.19571686      
     "LR_CalibrationSuccess",  1                
                    "LR_RMS",  0                
                   "LeftRMS",  0                
                   "LeftFLX",  0                
                   "LeftFLY",  0                
                   "LeftPPX",  0                
                   "LeftPPY",  0                
              "LeftDistort0",  0                
              "LeftDistort1",  0                
              "LeftDistort2",  0                
              "LeftDistort3",  0                
              "LeftDistort4",  0                
                  "RightRMS",  0                
                  "RightFLX",  0                
                  "RightFLY",  0                
                  "RightPPX",  0                
                  "RightPPY",  0                
             "RightDistort0",  0                
             "RightDistort1",  0                
             "RightDistort2",  0                
             "RightDistort3",  0                
             "RightDistort4",  0                
             "LR_RodriguesX",  0                
             "LR_RodriguesY",  0                
             "LR_RodriguesZ",  0                
           "LR_TranslationX",  0                
           "LR_TranslationY",  0                
           "LR_TranslationZ",  0                
                "LR_HFOVDeg",  0                
                "LR_VFOVDeg",  0                
     "LT_CalibrationSuccess",  0                
                  "ThirdRMS",  0.594877748      
                  "ThirdFLX",  1377.388205      
                  "ThirdFLY",  1380.465535      
                  "ThirdPPX",  951.5248967      
                  "ThirdPPY",  545.6157828      
             "ThirdDistort0",  0.07157970709    
             "ThirdDistort1", -0.1345389044     
             "ThirdDistort2",  0.0007349967001  
             "ThirdDistort3", -0.0006082834203  
             "ThirdDistort4",  0                
             "LT_RodriguesX",  0.01067016888    
             "LT_RodriguesY",  0.007789082681   
             "LT_RodriguesZ",  0.001900468948   
           "LT_TranslationX", -57.85607057      
           "LT_TranslationY", -0.1074731967     
           "LT_TranslationZ", -0.5918775414     
                "LT_HFOVDeg",  0                
                "LT_VFOVDeg",  0                
