           "versionYYYYMMDD", 20140317         
          "LogFormatVersion",  20140317         
                  "ExitCode",  0                
               "ExitCodeStr", "CALIBRATION_OK"  
              "CalibDateStr", "2017.07.23-15h56m39s"
              "CalibDateSec",  1500825399       
         "WorkstationNumber", ""                
      "CommandLineArguments", "DSCalibrator -c /data/data/com.intel.realsense.oemtools/cache/R200/Camera_4031803294/Calibration/CornerData.dat -os 4031803294 -lr /data/data/com.intel.realsense.oemtools/cache/R200/Camera_4031803294/Calibration/CalibRectParameters.dat -cir 2 +41 -oc CalibRectParameters -od /data/data/com.intel.realsense.oemtools/cache/R200/Camera_4031803294/Calibration"
          "DeepSeaIFVersion",  0                
        "ModuleSerialNumber",  0                
            "ModuleTypeCode",  0                
            "LRLensTypeCode",  0                
         "ThirdLensTypeCode",  0                
       "CalibTargetTypeCode",  1                
             "SingleLeftRMS",  0                
             "SingleLeftFLX",  0                
             "SingleLeftFLY",  0                
             "SingleLeftPPX",  0                
             "SingleLeftPPY",  0                
        "SingleLeftDistort0",  0                
        "SingleLeftDistort1",  0                
        "SingleLeftDistort2",  0                
        "SingleLeftDistort3",  0                
        "SingleLeftDistort4",  0                
         "SingleLeftHFOVDeg",  0                
         "SingleLeftVFOVDeg",  0                
   "RightCalibrationSuccess",  1                
            "SingleRightRMS",  0                
            "SingleRightFLX",  0                
            "SingleRightFLY",  0                
            "SingleRightPPX",  0                
            "SingleRightPPY",  0                
       "SingleRightDistort0",  0                
       "SingleRightDistort1",  0                
       "SingleRightDistort2",  0                
       "SingleRightDistort3",  0                
       "SingleRightDistort4",  0                
        "SingleRightHFOVDeg",  0                
        "SingleRightVFOVDeg",  0                
   "ThirdCalibrationSuccess",  0                
            "SingleThirdRMS",  0.6195391333     
            "SingleThirdFLX",  1372.621267      
            "SingleThirdFLY",  1373.856413      
            "SingleThirdPPX",  954.6401075      
            "SingleThirdPPY",  541.2363256      
       "SingleThirdDistort0",  0.0720063931     
       "SingleThirdDistort1", -0.1289386433     
       "SingleThirdDistort2",  0.000616235859   
       "SingleThirdDistort3", -0.0009907866129  
       "SingleThirdDistort4",  0                
        "SingleThirdHFOVDeg",  69.12225342      
        "SingleThirdVFOVDeg",  42.344944        
     "LR_CalibrationSuccess",  1                
                    "LR_RMS",  0                
                   "LeftRMS",  0                
                   "LeftFLX",  0                
                   "LeftFLY",  0                
                   "LeftPPX",  0                
                   "LeftPPY",  0                
              "LeftDistort0",  0                
              "LeftDistort1",  0                
              "LeftDistort2",  0                
              "LeftDistort3",  0                
              "LeftDistort4",  0                
                  "RightRMS",  0                
                  "RightFLX",  0                
                  "RightFLY",  0                
                  "RightPPX",  0                
                  "RightPPY",  0                
             "RightDistort0",  0                
             "RightDistort1",  0                
             "RightDistort2",  0                
             "RightDistort3",  0                
             "RightDistort4",  0                
             "LR_RodriguesX",  0                
             "LR_RodriguesY",  0                
             "LR_RodriguesZ",  0                
           "LR_TranslationX",  0                
           "LR_TranslationY",  0                
           "LR_TranslationZ",  0                
                "LR_HFOVDeg",  0                
                "LR_VFOVDeg",  0                
     "LT_CalibrationSuccess",  0                
                  "ThirdRMS",  0.6230570234     
                  "ThirdFLX",  1373.614262      
                  "ThirdFLY",  1375.753501      
                  "ThirdPPX",  957.5872614      
                  "ThirdPPY",  541.85297        
             "ThirdDistort0",  0.07038511032    
             "ThirdDistort1", -0.1249477752     
             "ThirdDistort2",  0.0006793451125  
             "ThirdDistort3", -0.000232677774   
             "ThirdDistort4",  0                
             "LT_RodriguesX",  0.002815201812   
             "LT_RodriguesY", -0.000123490505   
             "LT_RodriguesZ",  0.001023302837   
           "LT_TranslationX", -58.36282837      
           "LT_TranslationY",  0.1324464066     
           "LT_TranslationZ", -0.04874966366    
                "LT_HFOVDeg",  0                
                "LT_VFOVDeg",  0                
