           "versionYYYYMMDD", 20140317         
          "LogFormatVersion",  20140317         
                  "ExitCode",  0                
               "ExitCodeStr", "CALIBRATION_OK"  
              "CalibDateStr", "2011.01.10-06h38m37s"
              "CalibDateSec",  1294641517       
         "WorkstationNumber", ""                
      "CommandLineArguments", "DSCalibrator -c /data/data/com.intel.realsense.oemtools/cache/R200/Camera_3391804070/Calibration/CornerData.dat -os 3391804070 -lr /data/data/com.intel.realsense.oemtools/cache/R200/Camera_3391804070/Calibration/CalibRectParameters.dat -cir 2 +41 -oc CalibRectParameters -od /data/data/com.intel.realsense.oemtools/cache/R200/Camera_3391804070/Calibration"
          "DeepSeaIFVersion",  0                
        "ModuleSerialNumber",  0                
            "ModuleTypeCode",  0                
            "LRLensTypeCode",  0                
         "ThirdLensTypeCode",  0                
       "CalibTargetTypeCode",  1                
             "SingleLeftRMS",  0                
             "SingleLeftFLX",  0                
             "SingleLeftFLY",  0                
             "SingleLeftPPX",  0                
             "SingleLeftPPY",  0                
        "SingleLeftDistort0",  0                
        "SingleLeftDistort1",  0                
        "SingleLeftDistort2",  0                
        "SingleLeftDistort3",  0                
        "SingleLeftDistort4",  0                
         "SingleLeftHFOVDeg",  0                
         "SingleLeftVFOVDeg",  0                
   "RightCalibrationSuccess",  1                
            "SingleRightRMS",  0                
            "SingleRightFLX",  0                
            "SingleRightFLY",  0                
            "SingleRightPPX",  0                
            "SingleRightPPY",  0                
       "SingleRightDistort0",  0                
       "SingleRightDistort1",  0                
       "SingleRightDistort2",  0                
       "SingleRightDistort3",  0                
       "SingleRightDistort4",  0                
        "SingleRightHFOVDeg",  0                
        "SingleRightVFOVDeg",  0                
   "ThirdCalibrationSuccess",  0                
            "SingleThirdRMS",  0.5935740445     
            "SingleThirdFLX",  1376.499638      
            "SingleThirdFLY",  1381.03111       
            "SingleThirdPPX",  963.2209076      
            "SingleThirdPPY",  538.6616426      
       "SingleThirdDistort0",  0.07154256295    
       "SingleThirdDistort1", -0.1364807539     
       "SingleThirdDistort2",  0.001682158695   
       "SingleThirdDistort3",  8.540331625e-05  
       "SingleThirdDistort4",  0                
        "SingleThirdHFOVDeg",  68.91399384      
        "SingleThirdVFOVDeg",  42.19500732      
     "LR_CalibrationSuccess",  1                
                    "LR_RMS",  0                
                   "LeftRMS",  0                
                   "LeftFLX",  0                
                   "LeftFLY",  0                
                   "LeftPPX",  0                
                   "LeftPPY",  0                
              "LeftDistort0",  0                
              "LeftDistort1",  0                
              "LeftDistort2",  0                
              "LeftDistort3",  0                
              "LeftDistort4",  0                
                  "RightRMS",  0                
                  "RightFLX",  0                
                  "RightFLY",  0                
                  "RightPPX",  0                
                  "RightPPY",  0                
             "RightDistort0",  0                
             "RightDistort1",  0                
             "RightDistort2",  0                
             "RightDistort3",  0                
             "RightDistort4",  0                
             "LR_RodriguesX",  0                
             "LR_RodriguesY",  0                
             "LR_RodriguesZ",  0                
           "LR_TranslationX",  0                
           "LR_TranslationY",  0                
           "LR_TranslationZ",  0                
                "LR_HFOVDeg",  0                
                "LR_VFOVDeg",  0                
     "LT_CalibrationSuccess",  0                
                  "ThirdRMS",  0.5982758728     
                  "ThirdFLX",  1379.523281      
                  "ThirdFLY",  1383.660746      
                  "ThirdPPX",  962.1305025      
                  "ThirdPPY",  538.8531395      
             "ThirdDistort0",  0.07379945091    
             "ThirdDistort1", -0.1397451073     
             "ThirdDistort2",  0.001712824632   
             "ThirdDistort3", -8.755867834e-05  
             "ThirdDistort4",  0                
             "LT_RodriguesX", -0.000890989286   
             "LT_RodriguesY", -0.005338581903   
             "LT_RodriguesZ",  0.002739714462   
           "LT_TranslationX", -58.07451976      
           "LT_TranslationY",  0.1548534111     
           "LT_TranslationZ", -1.681786659      
                "LT_HFOVDeg",  0                
                "LT_VFOVDeg",  0                
