           "versionYYYYMMDD", 20140317         
          "LogFormatVersion",  20140317         
                  "ExitCode",  0                
               "ExitCodeStr", "CALIBRATION_OK"  
              "CalibDateStr", "2011.01.11-09h04m13s"
              "CalibDateSec",  1294736653       
         "WorkstationNumber", ""                
      "CommandLineArguments", "DSCalibrator -c /data/data/com.intel.realsense.oemtools/cache/R200/Camera_4031803348/Calibration/CornerData.dat -os 4031803348 -lr /data/data/com.intel.realsense.oemtools/cache/R200/Camera_4031803348/Calibration/CalibRectParameters.dat -cir 2 +41 -oc CalibRectParameters -od /data/data/com.intel.realsense.oemtools/cache/R200/Camera_4031803348/Calibration"
          "DeepSeaIFVersion",  0                
        "ModuleSerialNumber",  0                
            "ModuleTypeCode",  0                
            "LRLensTypeCode",  0                
         "ThirdLensTypeCode",  0                
       "CalibTargetTypeCode",  1                
             "SingleLeftRMS",  0                
             "SingleLeftFLX",  0                
             "SingleLeftFLY",  0                
             "SingleLeftPPX",  0                
             "SingleLeftPPY",  0                
        "SingleLeftDistort0",  0                
        "SingleLeftDistort1",  0                
        "SingleLeftDistort2",  0                
        "SingleLeftDistort3",  0                
        "SingleLeftDistort4",  0                
         "SingleLeftHFOVDeg",  0                
         "SingleLeftVFOVDeg",  0                
   "RightCalibrationSuccess",  1                
            "SingleRightRMS",  0                
            "SingleRightFLX",  0                
            "SingleRightFLY",  0                
            "SingleRightPPX",  0                
            "SingleRightPPY",  0                
       "SingleRightDistort0",  0                
       "SingleRightDistort1",  0                
       "SingleRightDistort2",  0                
       "SingleRightDistort3",  0                
       "SingleRightDistort4",  0                
        "SingleRightHFOVDeg",  0                
        "SingleRightVFOVDeg",  0                
   "ThirdCalibrationSuccess",  0                
            "SingleThirdRMS",  0.5478526812     
            "SingleThirdFLX",  1377.842857      
            "SingleThirdFLY",  1380.656366      
            "SingleThirdPPX",  946.9440502      
            "SingleThirdPPY",  529.2195809      
       "SingleThirdDistort0",  0.06851488544    
       "SingleThirdDistort1", -0.1333146303     
       "SingleThirdDistort2",  0.0001792707511  
       "SingleThirdDistort3", -0.001220072514   
       "SingleThirdDistort4",  0                
        "SingleThirdHFOVDeg",  68.91726685      
        "SingleThirdVFOVDeg",  42.1957016       
     "LR_CalibrationSuccess",  1                
                    "LR_RMS",  0                
                   "LeftRMS",  0                
                   "LeftFLX",  0                
                   "LeftFLY",  0                
                   "LeftPPX",  0                
                   "LeftPPY",  0                
              "LeftDistort0",  0                
              "LeftDistort1",  0                
              "LeftDistort2",  0                
              "LeftDistort3",  0                
              "LeftDistort4",  0                
                  "RightRMS",  0                
                  "RightFLX",  0                
                  "RightFLY",  0                
                  "RightPPX",  0                
                  "RightPPY",  0                
             "RightDistort0",  0                
             "RightDistort1",  0                
             "RightDistort2",  0                
             "RightDistort3",  0                
             "RightDistort4",  0                
             "LR_RodriguesX",  0                
             "LR_RodriguesY",  0                
             "LR_RodriguesZ",  0                
           "LR_TranslationX",  0                
           "LR_TranslationY",  0                
           "LR_TranslationZ",  0                
                "LR_HFOVDeg",  0                
                "LR_VFOVDeg",  0                
     "LT_CalibrationSuccess",  0                
                  "ThirdRMS",  0.5504458119     
                  "ThirdFLX",  1378.881936      
                  "ThirdFLY",  1381.406782      
                  "ThirdPPX",  951.3923094      
                  "ThirdPPY",  530.0496297      
             "ThirdDistort0",  0.06847924266    
             "ThirdDistort1", -0.1310064889     
             "ThirdDistort2",  0.0002670170465  
             "ThirdDistort3", -0.0001649343852  
             "ThirdDistort4",  0                
             "LT_RodriguesX",  0.00370345705    
             "LT_RodriguesY",  0.002340434544   
             "LT_RodriguesZ",  0.0004952303572  
           "LT_TranslationX", -58.11003198      
           "LT_TranslationY", -0.05546875871    
           "LT_TranslationZ", -0.4211549042     
                "LT_HFOVDeg",  0                
                "LT_VFOVDeg",  0                
