           "versionYYYYMMDD", 20140317         
          "LogFormatVersion",  20140317         
                  "ExitCode",  0                
               "ExitCodeStr", "CALIBRATION_OK"  
              "CalibDateStr", "2011.01.10-06h15m32s"
              "CalibDateSec",  1294640132       
         "WorkstationNumber", ""                
      "CommandLineArguments", "DSCalibrator -c /data/data/com.intel.realsense.oemtools/cache/R200/Camera_3391804016/Calibration/CornerData.dat -os 3391804016 -lr /data/data/com.intel.realsense.oemtools/cache/R200/Camera_3391804016/Calibration/CalibRectParameters.dat -cir 2 +41 -oc CalibRectParameters -od /data/data/com.intel.realsense.oemtools/cache/R200/Camera_3391804016/Calibration"
          "DeepSeaIFVersion",  0                
        "ModuleSerialNumber",  0                
            "ModuleTypeCode",  0                
            "LRLensTypeCode",  0                
         "ThirdLensTypeCode",  0                
       "CalibTargetTypeCode",  1                
             "SingleLeftRMS",  0                
             "SingleLeftFLX",  0                
             "SingleLeftFLY",  0                
             "SingleLeftPPX",  0                
             "SingleLeftPPY",  0                
        "SingleLeftDistort0",  0                
        "SingleLeftDistort1",  0                
        "SingleLeftDistort2",  0                
        "SingleLeftDistort3",  0                
        "SingleLeftDistort4",  0                
         "SingleLeftHFOVDeg",  0                
         "SingleLeftVFOVDeg",  0                
   "RightCalibrationSuccess",  1                
            "SingleRightRMS",  0                
            "SingleRightFLX",  0                
            "SingleRightFLY",  0                
            "SingleRightPPX",  0                
            "SingleRightPPY",  0                
       "SingleRightDistort0",  0                
       "SingleRightDistort1",  0                
       "SingleRightDistort2",  0                
       "SingleRightDistort3",  0                
       "SingleRightDistort4",  0                
        "SingleRightHFOVDeg",  0                
        "SingleRightVFOVDeg",  0                
   "ThirdCalibrationSuccess",  0                
            "SingleThirdRMS",  0.5198005291     
            "SingleThirdFLX",  1366.614507      
            "SingleThirdFLY",  1372.515086      
            "SingleThirdPPX",  931.9378543      
            "SingleThirdPPY",  524.7575099      
       "SingleThirdDistort0",  0.08200271557    
       "SingleThirdDistort1", -0.1544538482     
       "SingleThirdDistort2",  0.0003161763822  
       "SingleThirdDistort3", -0.0005547450567  
       "SingleThirdDistort4",  0                
        "SingleThirdHFOVDeg",  69.14295959      
        "SingleThirdVFOVDeg",  42.35961151      
     "LR_CalibrationSuccess",  1                
                    "LR_RMS",  0                
                   "LeftRMS",  0                
                   "LeftFLX",  0                
                   "LeftFLY",  0                
                   "LeftPPX",  0                
                   "LeftPPY",  0                
              "LeftDistort0",  0                
              "LeftDistort1",  0                
              "LeftDistort2",  0                
              "LeftDistort3",  0                
              "LeftDistort4",  0                
                  "RightRMS",  0                
                  "RightFLX",  0                
                  "RightFLY",  0                
                  "RightPPX",  0                
                  "RightPPY",  0                
             "RightDistort0",  0                
             "RightDistort1",  0                
             "RightDistort2",  0                
             "RightDistort3",  0                
             "RightDistort4",  0                
             "LR_RodriguesX",  0                
             "LR_RodriguesY",  0                
             "LR_RodriguesZ",  0                
           "LR_TranslationX",  0                
           "LR_TranslationY",  0                
           "LR_TranslationZ",  0                
                "LR_HFOVDeg",  0                
                "LR_VFOVDeg",  0                
     "LT_CalibrationSuccess",  0                
                  "ThirdRMS",  0.5253660407     
                  "ThirdFLX",  1366.955964      
                  "ThirdFLY",  1371.80433       
                  "ThirdPPX",  930.3181261      
                  "ThirdPPY",  526.063578       
             "ThirdDistort0",  0.08396520632    
             "ThirdDistort1", -0.1579003089     
             "ThirdDistort2",  0.0003197350745  
             "ThirdDistort3", -0.000898906654   
             "ThirdDistort4",  0                
             "LT_RodriguesX",  0.002297067378   
             "LT_RodriguesY", -0.007594312287   
             "LT_RodriguesZ",  0.0003688550318  
           "LT_TranslationX", -58.40278282      
           "LT_TranslationY",  0.04210595995    
           "LT_TranslationZ", -0.002108550882   
                "LT_HFOVDeg",  0                
                "LT_VFOVDeg",  0                
