           "versionYYYYMMDD", 20140317         
          "LogFormatVersion",  20140317         
                  "ExitCode",  0                
               "ExitCodeStr", "CALIBRATION_OK"  
              "CalibDateStr", "2011.01.10-06h54m48s"
              "CalibDateSec",  1294642488       
         "WorkstationNumber", ""                
      "CommandLineArguments", "DSCalibrator -c /data/data/com.intel.realsense.oemtools/cache/R200/Camera_3481803453/Calibration/CornerData.dat -os 3481803453 -lr /data/data/com.intel.realsense.oemtools/cache/R200/Camera_3481803453/Calibration/CalibRectParameters.dat -cir 2 +41 -oc CalibRectParameters -od /data/data/com.intel.realsense.oemtools/cache/R200/Camera_3481803453/Calibration"
          "DeepSeaIFVersion",  0                
        "ModuleSerialNumber",  0                
            "ModuleTypeCode",  0                
            "LRLensTypeCode",  0                
         "ThirdLensTypeCode",  0                
       "CalibTargetTypeCode",  1                
             "SingleLeftRMS",  0                
             "SingleLeftFLX",  0                
             "SingleLeftFLY",  0                
             "SingleLeftPPX",  0                
             "SingleLeftPPY",  0                
        "SingleLeftDistort0",  0                
        "SingleLeftDistort1",  0                
        "SingleLeftDistort2",  0                
        "SingleLeftDistort3",  0                
        "SingleLeftDistort4",  0                
         "SingleLeftHFOVDeg",  0                
         "SingleLeftVFOVDeg",  0                
   "RightCalibrationSuccess",  1                
            "SingleRightRMS",  0                
            "SingleRightFLX",  0                
            "SingleRightFLY",  0                
            "SingleRightPPX",  0                
            "SingleRightPPY",  0                
       "SingleRightDistort0",  0                
       "SingleRightDistort1",  0                
       "SingleRightDistort2",  0                
       "SingleRightDistort3",  0                
       "SingleRightDistort4",  0                
        "SingleRightHFOVDeg",  0                
        "SingleRightVFOVDeg",  0                
   "ThirdCalibrationSuccess",  0                
            "SingleThirdRMS",  0.5448666376     
            "SingleThirdFLX",  1378.850232      
            "SingleThirdFLY",  1383.662132      
            "SingleThirdPPX",  953.7975636      
            "SingleThirdPPY",  535.2074017      
       "SingleThirdDistort0",  0.07326400508    
       "SingleThirdDistort1", -0.1296398851     
       "SingleThirdDistort2",  8.588999419e-05  
       "SingleThirdDistort3", -0.001514531004   
       "SingleThirdDistort4",  0                
        "SingleThirdHFOVDeg",  68.70359802      
        "SingleThirdVFOVDeg",  42.04335403      
     "LR_CalibrationSuccess",  1                
                    "LR_RMS",  0                
                   "LeftRMS",  0                
                   "LeftFLX",  0                
                   "LeftFLY",  0                
                   "LeftPPX",  0                
                   "LeftPPY",  0                
              "LeftDistort0",  0                
              "LeftDistort1",  0                
              "LeftDistort2",  0                
              "LeftDistort3",  0                
              "LeftDistort4",  0                
                  "RightRMS",  0                
                  "RightFLX",  0                
                  "RightFLY",  0                
                  "RightPPX",  0                
                  "RightPPY",  0                
             "RightDistort0",  0                
             "RightDistort1",  0                
             "RightDistort2",  0                
             "RightDistort3",  0                
             "RightDistort4",  0                
             "LR_RodriguesX",  0                
             "LR_RodriguesY",  0                
             "LR_RodriguesZ",  0                
           "LR_TranslationX",  0                
           "LR_TranslationY",  0                
           "LR_TranslationZ",  0                
                "LR_HFOVDeg",  0                
                "LR_VFOVDeg",  0                
     "LT_CalibrationSuccess",  0                
                  "ThirdRMS",  0.5549710321     
                  "ThirdFLX",  1380.814037      
                  "ThirdFLY",  1386.253377      
                  "ThirdPPX",  961.9181804      
                  "ThirdPPY",  533.3575079      
             "ThirdDistort0",  0.07138485601    
             "ThirdDistort1", -0.1225925554     
             "ThirdDistort2", -3.037021926e-05  
             "ThirdDistort3",  0.0004281313294  
             "ThirdDistort4",  0                
             "LT_RodriguesX",  0.005790804513   
             "LT_RodriguesY",  0.002197056442   
             "LT_RodriguesZ", -0.002671873111   
           "LT_TranslationX", -58.11812445      
           "LT_TranslationY",  0.2460959565     
           "LT_TranslationZ", -0.9866888757     
                "LT_HFOVDeg",  0                
                "LT_VFOVDeg",  0                
