           "versionYYYYMMDD", 20140317         
          "LogFormatVersion",  20140317         
                  "ExitCode",  0                
               "ExitCodeStr", "CALIBRATION_OK"  
              "CalibDateStr", "2011.01.10-04h37m10s"
              "CalibDateSec",  1294634230       
         "WorkstationNumber", ""                
      "CommandLineArguments", "DSCalibrator -c /data/data/com.intel.realsense.oemtools/cache/R200/Camera_3481803467/Calibration/CornerData.dat -os 3481803467 -lr /data/data/com.intel.realsense.oemtools/cache/R200/Camera_3481803467/Calibration/CalibRectParameters.dat -cir 2 +41 -oc CalibRectParameters -od /data/data/com.intel.realsense.oemtools/cache/R200/Camera_3481803467/Calibration"
          "DeepSeaIFVersion",  0                
        "ModuleSerialNumber",  0                
            "ModuleTypeCode",  0                
            "LRLensTypeCode",  0                
         "ThirdLensTypeCode",  0                
       "CalibTargetTypeCode",  1                
             "SingleLeftRMS",  0                
             "SingleLeftFLX",  0                
             "SingleLeftFLY",  0                
             "SingleLeftPPX",  0                
             "SingleLeftPPY",  0                
        "SingleLeftDistort0",  0                
        "SingleLeftDistort1",  0                
        "SingleLeftDistort2",  0                
        "SingleLeftDistort3",  0                
        "SingleLeftDistort4",  0                
         "SingleLeftHFOVDeg",  0                
         "SingleLeftVFOVDeg",  0                
   "RightCalibrationSuccess",  1                
            "SingleRightRMS",  0                
            "SingleRightFLX",  0                
            "SingleRightFLY",  0                
            "SingleRightPPX",  0                
            "SingleRightPPY",  0                
       "SingleRightDistort0",  0                
       "SingleRightDistort1",  0                
       "SingleRightDistort2",  0                
       "SingleRightDistort3",  0                
       "SingleRightDistort4",  0                
        "SingleRightHFOVDeg",  0                
        "SingleRightVFOVDeg",  0                
   "ThirdCalibrationSuccess",  0                
            "SingleThirdRMS",  0.5784202206     
            "SingleThirdFLX",  1386.469801      
            "SingleThirdFLY",  1389.712909      
            "SingleThirdPPX",  952.22629        
            "SingleThirdPPY",  546.2803152      
       "SingleThirdDistort0",  0.08365411185    
       "SingleThirdDistort1", -0.1592194387     
       "SingleThirdDistort2", -1.558893523e-05  
       "SingleThirdDistort3", -0.0004010119901  
       "SingleThirdDistort4",  0                
        "SingleThirdHFOVDeg",  68.48447418      
        "SingleThirdVFOVDeg",  41.88548279      
     "LR_CalibrationSuccess",  1                
                    "LR_RMS",  0                
                   "LeftRMS",  0                
                   "LeftFLX",  0                
                   "LeftFLY",  0                
                   "LeftPPX",  0                
                   "LeftPPY",  0                
              "LeftDistort0",  0                
              "LeftDistort1",  0                
              "LeftDistort2",  0                
              "LeftDistort3",  0                
              "LeftDistort4",  0                
                  "RightRMS",  0                
                  "RightFLX",  0                
                  "RightFLY",  0                
                  "RightPPX",  0                
                  "RightPPY",  0                
             "RightDistort0",  0                
             "RightDistort1",  0                
             "RightDistort2",  0                
             "RightDistort3",  0                
             "RightDistort4",  0                
             "LR_RodriguesX",  0                
             "LR_RodriguesY",  0                
             "LR_RodriguesZ",  0                
           "LR_TranslationX",  0                
           "LR_TranslationY",  0                
           "LR_TranslationZ",  0                
                "LR_HFOVDeg",  0                
                "LR_VFOVDeg",  0                
     "LT_CalibrationSuccess",  0                
                  "ThirdRMS",  0.5804672365     
                  "ThirdFLX",  1387.292535      
                  "ThirdFLY",  1390.412988      
                  "ThirdPPX",  956.6532259      
                  "ThirdPPY",  546.9114602      
             "ThirdDistort0",  0.0829341949     
             "ThirdDistort1", -0.1554048492     
             "ThirdDistort2",  6.123654018e-05  
             "ThirdDistort3",  0.0006452947261  
             "ThirdDistort4",  0                
             "LT_RodriguesX",  0.007919414321   
             "LT_RodriguesY",  0.00462005711    
             "LT_RodriguesZ",  0.00100903521    
           "LT_TranslationX", -58.08738641      
           "LT_TranslationY", -0.1786349863     
           "LT_TranslationZ", -0.3730624825     
                "LT_HFOVDeg",  0                
                "LT_VFOVDeg",  0                
