           "versionYYYYMMDD", 20140317         
          "LogFormatVersion",  20140317         
                  "ExitCode",  0                
               "ExitCodeStr", "CALIBRATION_OK"  
              "CalibDateStr", "2011.01.10-06h20m31s"
              "CalibDateSec",  1294640431       
         "WorkstationNumber", ""                
      "CommandLineArguments", "DSCalibrator -c /data/data/com.intel.realsense.oemtools/cache/R200/Camera_3481803133/Calibration/CornerData.dat -os 3481803133 -lr /data/data/com.intel.realsense.oemtools/cache/R200/Camera_3481803133/Calibration/CalibRectParameters.dat -cir 2 +41 -oc CalibRectParameters -od /data/data/com.intel.realsense.oemtools/cache/R200/Camera_3481803133/Calibration"
          "DeepSeaIFVersion",  0                
        "ModuleSerialNumber",  0                
            "ModuleTypeCode",  0                
            "LRLensTypeCode",  0                
         "ThirdLensTypeCode",  0                
       "CalibTargetTypeCode",  1                
             "SingleLeftRMS",  0                
             "SingleLeftFLX",  0                
             "SingleLeftFLY",  0                
             "SingleLeftPPX",  0                
             "SingleLeftPPY",  0                
        "SingleLeftDistort0",  0                
        "SingleLeftDistort1",  0                
        "SingleLeftDistort2",  0                
        "SingleLeftDistort3",  0                
        "SingleLeftDistort4",  0                
         "SingleLeftHFOVDeg",  0                
         "SingleLeftVFOVDeg",  0                
   "RightCalibrationSuccess",  1                
            "SingleRightRMS",  0                
            "SingleRightFLX",  0                
            "SingleRightFLY",  0                
            "SingleRightPPX",  0                
            "SingleRightPPY",  0                
       "SingleRightDistort0",  0                
       "SingleRightDistort1",  0                
       "SingleRightDistort2",  0                
       "SingleRightDistort3",  0                
       "SingleRightDistort4",  0                
        "SingleRightHFOVDeg",  0                
        "SingleRightVFOVDeg",  0                
   "ThirdCalibrationSuccess",  0                
            "SingleThirdRMS",  0.6089324806     
            "SingleThirdFLX",  1383.84456       
            "SingleThirdFLY",  1386.974994      
            "SingleThirdPPX",  959.1413864      
            "SingleThirdPPY",  537.1538079      
       "SingleThirdDistort0",  0.07975136108    
       "SingleThirdDistort1", -0.1554714405     
       "SingleThirdDistort2",  0.0005127403751  
       "SingleThirdDistort3", -0.001168337671   
       "SingleThirdDistort4",  0                
        "SingleThirdHFOVDeg",  68.60115814      
        "SingleThirdVFOVDeg",  41.96998596      
     "LR_CalibrationSuccess",  1                
                    "LR_RMS",  0                
                   "LeftRMS",  0                
                   "LeftFLX",  0                
                   "LeftFLY",  0                
                   "LeftPPX",  0                
                   "LeftPPY",  0                
              "LeftDistort0",  0                
              "LeftDistort1",  0                
              "LeftDistort2",  0                
              "LeftDistort3",  0                
              "LeftDistort4",  0                
                  "RightRMS",  0                
                  "RightFLX",  0                
                  "RightFLY",  0                
                  "RightPPX",  0                
                  "RightPPY",  0                
             "RightDistort0",  0                
             "RightDistort1",  0                
             "RightDistort2",  0                
             "RightDistort3",  0                
             "RightDistort4",  0                
             "LR_RodriguesX",  0                
             "LR_RodriguesY",  0                
             "LR_RodriguesZ",  0                
           "LR_TranslationX",  0                
           "LR_TranslationY",  0                
           "LR_TranslationZ",  0                
                "LR_HFOVDeg",  0                
                "LR_VFOVDeg",  0                
     "LT_CalibrationSuccess",  0                
                  "ThirdRMS",  0.6143342525     
                  "ThirdFLX",  1385.044567      
                  "ThirdFLY",  1387.779478      
                  "ThirdPPX",  967.0345862      
                  "ThirdPPY",  537.7816791      
             "ThirdDistort0",  0.07885561306    
             "ThirdDistort1", -0.1495657611     
             "ThirdDistort2",  0.0005498858687  
             "ThirdDistort3",  0.0006884096705  
             "ThirdDistort4",  0                
             "LT_RodriguesX",  0.004267439879   
             "LT_RodriguesY",  0.001470212554   
             "LT_RodriguesZ",  0.0009550891439  
           "LT_TranslationX", -58.04202485      
           "LT_TranslationY", -0.1066076492     
           "LT_TranslationZ", -0.6032876966     
                "LT_HFOVDeg",  0                
                "LT_VFOVDeg",  0                
