           "versionYYYYMMDD", 20140317         
          "LogFormatVersion",  20140317         
                  "ExitCode",  0                
               "ExitCodeStr", "CALIBRATION_OK"  
              "CalibDateStr", "2011.01.10-05h53m42s"
              "CalibDateSec",  1294638822       
         "WorkstationNumber", ""                
      "CommandLineArguments", "DSCalibrator -c /data/data/com.intel.realsense.oemtools/cache/R200/Camera_4031804405/Calibration/CornerData.dat -os 4031804405 -lr /data/data/com.intel.realsense.oemtools/cache/R200/Camera_4031804405/Calibration/CalibRectParameters.dat -cir 2 +41 -oc CalibRectParameters -od /data/data/com.intel.realsense.oemtools/cache/R200/Camera_4031804405/Calibration"
          "DeepSeaIFVersion",  0                
        "ModuleSerialNumber",  0                
            "ModuleTypeCode",  0                
            "LRLensTypeCode",  0                
         "ThirdLensTypeCode",  0                
       "CalibTargetTypeCode",  1                
             "SingleLeftRMS",  0                
             "SingleLeftFLX",  0                
             "SingleLeftFLY",  0                
             "SingleLeftPPX",  0                
             "SingleLeftPPY",  0                
        "SingleLeftDistort0",  0                
        "SingleLeftDistort1",  0                
        "SingleLeftDistort2",  0                
        "SingleLeftDistort3",  0                
        "SingleLeftDistort4",  0                
         "SingleLeftHFOVDeg",  0                
         "SingleLeftVFOVDeg",  0                
   "RightCalibrationSuccess",  1                
            "SingleRightRMS",  0                
            "SingleRightFLX",  0                
            "SingleRightFLY",  0                
            "SingleRightPPX",  0                
            "SingleRightPPY",  0                
       "SingleRightDistort0",  0                
       "SingleRightDistort1",  0                
       "SingleRightDistort2",  0                
       "SingleRightDistort3",  0                
       "SingleRightDistort4",  0                
        "SingleRightHFOVDeg",  0                
        "SingleRightVFOVDeg",  0                
   "ThirdCalibrationSuccess",  0                
            "SingleThirdRMS",  0.541700003      
            "SingleThirdFLX",  1384.580361      
            "SingleThirdFLY",  1388.396907      
            "SingleThirdPPX",  953.5330425      
            "SingleThirdPPY",  534.518184       
       "SingleThirdDistort0",  0.07287553329    
       "SingleThirdDistort1", -0.1405017714     
       "SingleThirdDistort2", -2.313404246e-05  
       "SingleThirdDistort3", -0.0006312397831  
       "SingleThirdDistort4",  0                
        "SingleThirdHFOVDeg",  68.60740662      
        "SingleThirdVFOVDeg",  41.97410202      
     "LR_CalibrationSuccess",  1                
                    "LR_RMS",  0                
                   "LeftRMS",  0                
                   "LeftFLX",  0                
                   "LeftFLY",  0                
                   "LeftPPX",  0                
                   "LeftPPY",  0                
              "LeftDistort0",  0                
              "LeftDistort1",  0                
              "LeftDistort2",  0                
              "LeftDistort3",  0                
              "LeftDistort4",  0                
                  "RightRMS",  0                
                  "RightFLX",  0                
                  "RightFLY",  0                
                  "RightPPX",  0                
                  "RightPPY",  0                
             "RightDistort0",  0                
             "RightDistort1",  0                
             "RightDistort2",  0                
             "RightDistort3",  0                
             "RightDistort4",  0                
             "LR_RodriguesX",  0                
             "LR_RodriguesY",  0                
             "LR_RodriguesZ",  0                
           "LR_TranslationX",  0                
           "LR_TranslationY",  0                
           "LR_TranslationZ",  0                
                "LR_HFOVDeg",  0                
                "LR_VFOVDeg",  0                
     "LT_CalibrationSuccess",  0                
                  "ThirdRMS",  0.5454794117     
                  "ThirdFLX",  1385.159525      
                  "ThirdFLY",  1388.585962      
                  "ThirdPPX",  960.4275973      
                  "ThirdPPY",  534.0095816      
             "ThirdDistort0",  0.07174585286    
             "ThirdDistort1", -0.1351650628     
             "ThirdDistort2", -5.123056077e-05  
             "ThirdDistort3",  0.0009522828892  
             "ThirdDistort4",  0                
             "LT_RodriguesX",  0.001962400544   
             "LT_RodriguesY",  0.004782610896   
             "LT_RodriguesZ",  0.0005448094148  
           "LT_TranslationX", -58.05283377      
           "LT_TranslationY", -0.1320638897     
           "LT_TranslationZ", -0.1380178194     
                "LT_HFOVDeg",  0                
                "LT_VFOVDeg",  0                
