           "versionYYYYMMDD", 20140317         
          "LogFormatVersion",  20140317         
                  "ExitCode",  0                
               "ExitCodeStr", "CALIBRATION_OK"  
              "CalibDateStr", "2017.07.23-13h51m54s"
              "CalibDateSec",  1500817914       
         "WorkstationNumber", ""                
      "CommandLineArguments", "DSCalibrator -c /data/data/com.intel.realsense.oemtools/cache/R200/Camera_4031803279/Calibration/CornerData.dat -os 4031803279 -lr /data/data/com.intel.realsense.oemtools/cache/R200/Camera_4031803279/Calibration/CalibRectParameters.dat -cir 2 +41 -oc CalibRectParameters -od /data/data/com.intel.realsense.oemtools/cache/R200/Camera_4031803279/Calibration"
          "DeepSeaIFVersion",  0                
        "ModuleSerialNumber",  0                
            "ModuleTypeCode",  0                
            "LRLensTypeCode",  0                
         "ThirdLensTypeCode",  0                
       "CalibTargetTypeCode",  1                
             "SingleLeftRMS",  0                
             "SingleLeftFLX",  0                
             "SingleLeftFLY",  0                
             "SingleLeftPPX",  0                
             "SingleLeftPPY",  0                
        "SingleLeftDistort0",  0                
        "SingleLeftDistort1",  0                
        "SingleLeftDistort2",  0                
        "SingleLeftDistort3",  0                
        "SingleLeftDistort4",  0                
         "SingleLeftHFOVDeg",  0                
         "SingleLeftVFOVDeg",  0                
   "RightCalibrationSuccess",  1                
            "SingleRightRMS",  0                
            "SingleRightFLX",  0                
            "SingleRightFLY",  0                
            "SingleRightPPX",  0                
            "SingleRightPPY",  0                
       "SingleRightDistort0",  0                
       "SingleRightDistort1",  0                
       "SingleRightDistort2",  0                
       "SingleRightDistort3",  0                
       "SingleRightDistort4",  0                
        "SingleRightHFOVDeg",  0                
        "SingleRightVFOVDeg",  0                
   "ThirdCalibrationSuccess",  0                
            "SingleThirdRMS",  0.5630284632     
            "SingleThirdFLX",  1385.912918      
            "SingleThirdFLY",  1388.836912      
            "SingleThirdPPX",  968.1592777      
            "SingleThirdPPY",  533.5416368      
       "SingleThirdDistort0",  0.06538483575    
       "SingleThirdDistort1", -0.1297565802     
       "SingleThirdDistort2", -0.0006615402766  
       "SingleThirdDistort3", -0.0009548979872  
       "SingleThirdDistort4",  0                
        "SingleThirdHFOVDeg",  68.64335632      
        "SingleThirdVFOVDeg",  41.99962616      
     "LR_CalibrationSuccess",  1                
                    "LR_RMS",  0                
                   "LeftRMS",  0                
                   "LeftFLX",  0                
                   "LeftFLY",  0                
                   "LeftPPX",  0                
                   "LeftPPY",  0                
              "LeftDistort0",  0                
              "LeftDistort1",  0                
              "LeftDistort2",  0                
              "LeftDistort3",  0                
              "LeftDistort4",  0                
                  "RightRMS",  0                
                  "RightFLX",  0                
                  "RightFLY",  0                
                  "RightPPX",  0                
                  "RightPPY",  0                
             "RightDistort0",  0                
             "RightDistort1",  0                
             "RightDistort2",  0                
             "RightDistort3",  0                
             "RightDistort4",  0                
             "LR_RodriguesX",  0                
             "LR_RodriguesY",  0                
             "LR_RodriguesZ",  0                
           "LR_TranslationX",  0                
           "LR_TranslationY",  0                
           "LR_TranslationZ",  0                
                "LR_HFOVDeg",  0                
                "LR_VFOVDeg",  0                
     "LT_CalibrationSuccess",  0                
                  "ThirdRMS",  0.5652075576     
                  "ThirdFLX",  1386.785619      
                  "ThirdFLY",  1389.549243      
                  "ThirdPPX",  973.0792146      
                  "ThirdPPY",  533.124371       
             "ThirdDistort0",  0.0647500697     
             "ThirdDistort1", -0.1263443985     
             "ThirdDistort2", -0.0006957409799  
             "ThirdDistort3",  0.0001801772909  
             "ThirdDistort4",  0                
             "LT_RodriguesX",  0.008508842323   
             "LT_RodriguesY",  0.001063567073   
             "LT_RodriguesZ",  0.002071091175   
           "LT_TranslationX", -58.03604131      
           "LT_TranslationY", -0.1356651374     
           "LT_TranslationZ", -0.4104600468     
                "LT_HFOVDeg",  0                
                "LT_VFOVDeg",  0                
