           "versionYYYYMMDD", 20140317         
          "LogFormatVersion",  20140317         
                  "ExitCode",  0                
               "ExitCodeStr", "CALIBRATION_OK"  
              "CalibDateStr", "2017.07.23-14h07m15s"
              "CalibDateSec",  1500818835       
         "WorkstationNumber", ""                
      "CommandLineArguments", "DSCalibrator -c /data/data/com.intel.realsense.oemtools/cache/R200/Camera_3481802325/Calibration/CornerData.dat -os 3481802325 -lr /data/data/com.intel.realsense.oemtools/cache/R200/Camera_3481802325/Calibration/CalibRectParameters.dat -cir 2 +41 -oc CalibRectParameters -od /data/data/com.intel.realsense.oemtools/cache/R200/Camera_3481802325/Calibration"
          "DeepSeaIFVersion",  0                
        "ModuleSerialNumber",  0                
            "ModuleTypeCode",  0                
            "LRLensTypeCode",  0                
         "ThirdLensTypeCode",  0                
       "CalibTargetTypeCode",  1                
             "SingleLeftRMS",  0                
             "SingleLeftFLX",  0                
             "SingleLeftFLY",  0                
             "SingleLeftPPX",  0                
             "SingleLeftPPY",  0                
        "SingleLeftDistort0",  0                
        "SingleLeftDistort1",  0                
        "SingleLeftDistort2",  0                
        "SingleLeftDistort3",  0                
        "SingleLeftDistort4",  0                
         "SingleLeftHFOVDeg",  0                
         "SingleLeftVFOVDeg",  0                
   "RightCalibrationSuccess",  1                
            "SingleRightRMS",  0                
            "SingleRightFLX",  0                
            "SingleRightFLY",  0                
            "SingleRightPPX",  0                
            "SingleRightPPY",  0                
       "SingleRightDistort0",  0                
       "SingleRightDistort1",  0                
       "SingleRightDistort2",  0                
       "SingleRightDistort3",  0                
       "SingleRightDistort4",  0                
        "SingleRightHFOVDeg",  0                
        "SingleRightVFOVDeg",  0                
   "ThirdCalibrationSuccess",  0                
            "SingleThirdRMS",  0.5509156446     
            "SingleThirdFLX",  1390.232496      
            "SingleThirdFLY",  1393.630062      
            "SingleThirdPPX",  947.9145835      
            "SingleThirdPPY",  538.5732555      
       "SingleThirdDistort0",  0.08830103873    
       "SingleThirdDistort1", -0.1729138271     
       "SingleThirdDistort2", -0.0001261925827  
       "SingleThirdDistort3", -0.0005793194979  
       "SingleThirdDistort4",  0                
        "SingleThirdHFOVDeg",  68.31365967      
        "SingleThirdVFOVDeg",  41.76375198      
     "LR_CalibrationSuccess",  1                
                    "LR_RMS",  0                
                   "LeftRMS",  0                
                   "LeftFLX",  0                
                   "LeftFLY",  0                
                   "LeftPPX",  0                
                   "LeftPPY",  0                
              "LeftDistort0",  0                
              "LeftDistort1",  0                
              "LeftDistort2",  0                
              "LeftDistort3",  0                
              "LeftDistort4",  0                
                  "RightRMS",  0                
                  "RightFLX",  0                
                  "RightFLY",  0                
                  "RightPPX",  0                
                  "RightPPY",  0                
             "RightDistort0",  0                
             "RightDistort1",  0                
             "RightDistort2",  0                
             "RightDistort3",  0                
             "RightDistort4",  0                
             "LR_RodriguesX",  0                
             "LR_RodriguesY",  0                
             "LR_RodriguesZ",  0                
           "LR_TranslationX",  0                
           "LR_TranslationY",  0                
           "LR_TranslationZ",  0                
                "LR_HFOVDeg",  0                
                "LR_VFOVDeg",  0                
     "LT_CalibrationSuccess",  0                
                  "ThirdRMS",  0.5522609719     
                  "ThirdFLX",  1391.29733       
                  "ThirdFLY",  1394.596922      
                  "ThirdPPX",  950.7330097      
                  "ThirdPPY",  538.4262289      
             "ThirdDistort0",  0.08828324576    
             "ThirdDistort1", -0.1711021443     
             "ThirdDistort2", -7.994542722e-05  
             "ThirdDistort3",  0.000106681349   
             "ThirdDistort4",  0                
             "LT_RodriguesX",  0.001708631291   
             "LT_RodriguesY", -0.0005767872165  
             "LT_RodriguesZ", -8.770819861e-05  
           "LT_TranslationX", -58.23015335      
           "LT_TranslationY", -0.05545864155    
           "LT_TranslationZ", -0.4333774801     
                "LT_HFOVDeg",  0                
                "LT_VFOVDeg",  0                
