           "versionYYYYMMDD", 20140317         
          "LogFormatVersion",  20140317         
                  "ExitCode",  0                
               "ExitCodeStr", "CALIBRATION_OK"  
              "CalibDateStr", "2011.01.10-07h01m35s"
              "CalibDateSec",  1294642895       
         "WorkstationNumber", ""                
      "CommandLineArguments", "DSCalibrator -c /data/data/com.intel.realsense.oemtools/cache/R200/Camera_4031803244/Calibration/CornerData.dat -os 4031803244 -lr /data/data/com.intel.realsense.oemtools/cache/R200/Camera_4031803244/Calibration/CalibRectParameters.dat -cir 2 +41 -oc CalibRectParameters -od /data/data/com.intel.realsense.oemtools/cache/R200/Camera_4031803244/Calibration"
          "DeepSeaIFVersion",  0                
        "ModuleSerialNumber",  0                
            "ModuleTypeCode",  0                
            "LRLensTypeCode",  0                
         "ThirdLensTypeCode",  0                
       "CalibTargetTypeCode",  1                
             "SingleLeftRMS",  0                
             "SingleLeftFLX",  0                
             "SingleLeftFLY",  0                
             "SingleLeftPPX",  0                
             "SingleLeftPPY",  0                
        "SingleLeftDistort0",  0                
        "SingleLeftDistort1",  0                
        "SingleLeftDistort2",  0                
        "SingleLeftDistort3",  0                
        "SingleLeftDistort4",  0                
         "SingleLeftHFOVDeg",  0                
         "SingleLeftVFOVDeg",  0                
   "RightCalibrationSuccess",  1                
            "SingleRightRMS",  0                
            "SingleRightFLX",  0                
            "SingleRightFLY",  0                
            "SingleRightPPX",  0                
            "SingleRightPPY",  0                
       "SingleRightDistort0",  0                
       "SingleRightDistort1",  0                
       "SingleRightDistort2",  0                
       "SingleRightDistort3",  0                
       "SingleRightDistort4",  0                
        "SingleRightHFOVDeg",  0                
        "SingleRightVFOVDeg",  0                
   "ThirdCalibrationSuccess",  0                
            "SingleThirdRMS",  0.5612442609     
            "SingleThirdFLX",  1384.925876      
            "SingleThirdFLY",  1388.041735      
            "SingleThirdPPX",  970.9711359      
            "SingleThirdPPY",  527.1049997      
       "SingleThirdDistort0",  0.06390103926    
       "SingleThirdDistort1", -0.1253099923     
       "SingleThirdDistort2",  0.0001952940428  
       "SingleThirdDistort3", -0.001725540009   
       "SingleThirdDistort4",  0                
        "SingleThirdHFOVDeg",  68.64744568      
        "SingleThirdVFOVDeg",  42.00067139      
     "LR_CalibrationSuccess",  1                
                    "LR_RMS",  0                
                   "LeftRMS",  0                
                   "LeftFLX",  0                
                   "LeftFLY",  0                
                   "LeftPPX",  0                
                   "LeftPPY",  0                
              "LeftDistort0",  0                
              "LeftDistort1",  0                
              "LeftDistort2",  0                
              "LeftDistort3",  0                
              "LeftDistort4",  0                
                  "RightRMS",  0                
                  "RightFLX",  0                
                  "RightFLY",  0                
                  "RightPPX",  0                
                  "RightPPY",  0                
             "RightDistort0",  0                
             "RightDistort1",  0                
             "RightDistort2",  0                
             "RightDistort3",  0                
             "RightDistort4",  0                
             "LR_RodriguesX",  0                
             "LR_RodriguesY",  0                
             "LR_RodriguesZ",  0                
           "LR_TranslationX",  0                
           "LR_TranslationY",  0                
           "LR_TranslationZ",  0                
                "LR_HFOVDeg",  0                
                "LR_VFOVDeg",  0                
     "LT_CalibrationSuccess",  0                
                  "ThirdRMS",  0.5688065594     
                  "ThirdFLX",  1386.430784      
                  "ThirdFLY",  1389.012646      
                  "ThirdPPX",  976.1425645      
                  "ThirdPPY",  529.2339373      
             "ThirdDistort0",  0.06446043169    
             "ThirdDistort1", -0.123606565      
             "ThirdDistort2",  0.0004756297826  
             "ThirdDistort3", -0.0005146427649  
             "ThirdDistort4",  0                
             "LT_RodriguesX",  0.01242609854    
             "LT_RodriguesY",  0.00221980506    
             "LT_RodriguesZ",  0.0006743034615  
           "LT_TranslationX", -57.88706144      
           "LT_TranslationY", -0.1615912405     
           "LT_TranslationZ", -0.5296232593     
                "LT_HFOVDeg",  0                
                "LT_VFOVDeg",  0                
