           "versionYYYYMMDD", 20140317         
          "LogFormatVersion",  20140317         
                  "ExitCode",  0                
               "ExitCodeStr", "CALIBRATION_OK"  
              "CalibDateStr", "2011.01.10-03h35m14s"
              "CalibDateSec",  1294630514       
         "WorkstationNumber", ""                
      "CommandLineArguments", "DSCalibrator -c /data/data/com.intel.realsense.oemtools/cache/R200/Camera_4031804393/Calibration/CornerData.dat -os 4031804393 -lr /data/data/com.intel.realsense.oemtools/cache/R200/Camera_4031804393/Calibration/CalibRectParameters.dat -cir 2 +41 -oc CalibRectParameters -od /data/data/com.intel.realsense.oemtools/cache/R200/Camera_4031804393/Calibration"
          "DeepSeaIFVersion",  0                
        "ModuleSerialNumber",  0                
            "ModuleTypeCode",  0                
            "LRLensTypeCode",  0                
         "ThirdLensTypeCode",  0                
       "CalibTargetTypeCode",  1                
             "SingleLeftRMS",  0                
             "SingleLeftFLX",  0                
             "SingleLeftFLY",  0                
             "SingleLeftPPX",  0                
             "SingleLeftPPY",  0                
        "SingleLeftDistort0",  0                
        "SingleLeftDistort1",  0                
        "SingleLeftDistort2",  0                
        "SingleLeftDistort3",  0                
        "SingleLeftDistort4",  0                
         "SingleLeftHFOVDeg",  0                
         "SingleLeftVFOVDeg",  0                
   "RightCalibrationSuccess",  1                
            "SingleRightRMS",  0                
            "SingleRightFLX",  0                
            "SingleRightFLY",  0                
            "SingleRightPPX",  0                
            "SingleRightPPY",  0                
       "SingleRightDistort0",  0                
       "SingleRightDistort1",  0                
       "SingleRightDistort2",  0                
       "SingleRightDistort3",  0                
       "SingleRightDistort4",  0                
        "SingleRightHFOVDeg",  0                
        "SingleRightVFOVDeg",  0                
   "ThirdCalibrationSuccess",  0                
            "SingleThirdRMS",  0.5818366394     
            "SingleThirdFLX",  1389.57416       
            "SingleThirdFLY",  1394.223073      
            "SingleThirdPPX",  947.7564499      
            "SingleThirdPPY",  534.3351524      
       "SingleThirdDistort0",  0.08445670041    
       "SingleThirdDistort1", -0.1533931128     
       "SingleThirdDistort2", -0.0005046056315  
       "SingleThirdDistort3",  0.0001484404776  
       "SingleThirdDistort4",  0                
        "SingleThirdHFOVDeg",  68.28820038      
        "SingleThirdVFOVDeg",  41.7449913       
     "LR_CalibrationSuccess",  1                
                    "LR_RMS",  0                
                   "LeftRMS",  0                
                   "LeftFLX",  0                
                   "LeftFLY",  0                
                   "LeftPPX",  0                
                   "LeftPPY",  0                
              "LeftDistort0",  0                
              "LeftDistort1",  0                
              "LeftDistort2",  0                
              "LeftDistort3",  0                
              "LeftDistort4",  0                
                  "RightRMS",  0                
                  "RightFLX",  0                
                  "RightFLY",  0                
                  "RightPPX",  0                
                  "RightPPY",  0                
             "RightDistort0",  0                
             "RightDistort1",  0                
             "RightDistort2",  0                
             "RightDistort3",  0                
             "RightDistort4",  0                
             "LR_RodriguesX",  0                
             "LR_RodriguesY",  0                
             "LR_RodriguesZ",  0                
           "LR_TranslationX",  0                
           "LR_TranslationY",  0                
           "LR_TranslationZ",  0                
                "LR_HFOVDeg",  0                
                "LR_VFOVDeg",  0                
     "LT_CalibrationSuccess",  0                
                  "ThirdRMS",  0.5883429391     
                  "ThirdFLX",  1391.026174      
                  "ThirdFLY",  1394.717616      
                  "ThirdPPX",  948.4601155      
                  "ThirdPPY",  532.2027467      
             "ThirdDistort0",  0.08616037904    
             "ThirdDistort1", -0.1550220014     
             "ThirdDistort2", -0.0006828097657  
             "ThirdDistort3",  0.0003415511732  
             "ThirdDistort4",  0                
             "LT_RodriguesX",  0.01021922793    
             "LT_RodriguesY", -0.005347696647   
             "LT_RodriguesZ",  0.004824258601   
           "LT_TranslationX", -58.45050009      
           "LT_TranslationY", -0.6498965465     
           "LT_TranslationZ", -0.4797569189     
                "LT_HFOVDeg",  0                
                "LT_VFOVDeg",  0                
