           "versionYYYYMMDD", 20140317         
          "LogFormatVersion",  20140317         
                  "ExitCode",  0                
               "ExitCodeStr", "CALIBRATION_OK"  
              "CalibDateStr", "2017.07.23-14h24m56s"
              "CalibDateSec",  1500819896       
         "WorkstationNumber", ""                
      "CommandLineArguments", "DSCalibrator -c /data/data/com.intel.realsense.oemtools/cache/R200/Camera_3481802336/Calibration/CornerData.dat -os 3481802336 -lr /data/data/com.intel.realsense.oemtools/cache/R200/Camera_3481802336/Calibration/CalibRectParameters.dat -cir 2 +41 -oc CalibRectParameters -od /data/data/com.intel.realsense.oemtools/cache/R200/Camera_3481802336/Calibration"
          "DeepSeaIFVersion",  0                
        "ModuleSerialNumber",  0                
            "ModuleTypeCode",  0                
            "LRLensTypeCode",  0                
         "ThirdLensTypeCode",  0                
       "CalibTargetTypeCode",  1                
             "SingleLeftRMS",  0                
             "SingleLeftFLX",  0                
             "SingleLeftFLY",  0                
             "SingleLeftPPX",  0                
             "SingleLeftPPY",  0                
        "SingleLeftDistort0",  0                
        "SingleLeftDistort1",  0                
        "SingleLeftDistort2",  0                
        "SingleLeftDistort3",  0                
        "SingleLeftDistort4",  0                
         "SingleLeftHFOVDeg",  0                
         "SingleLeftVFOVDeg",  0                
   "RightCalibrationSuccess",  1                
            "SingleRightRMS",  0                
            "SingleRightFLX",  0                
            "SingleRightFLY",  0                
            "SingleRightPPX",  0                
            "SingleRightPPY",  0                
       "SingleRightDistort0",  0                
       "SingleRightDistort1",  0                
       "SingleRightDistort2",  0                
       "SingleRightDistort3",  0                
       "SingleRightDistort4",  0                
        "SingleRightHFOVDeg",  0                
        "SingleRightVFOVDeg",  0                
   "ThirdCalibrationSuccess",  0                
            "SingleThirdRMS",  0.5703138446     
            "SingleThirdFLX",  1376.38103       
            "SingleThirdFLY",  1378.038741      
            "SingleThirdPPX",  949.4910974      
            "SingleThirdPPY",  553.6311921      
       "SingleThirdDistort0",  0.06950992253    
       "SingleThirdDistort1", -0.1399447262     
       "SingleThirdDistort2", -8.860363419e-05  
       "SingleThirdDistort3",  0.0003537679237  
       "SingleThirdDistort4",  0                
        "SingleThirdHFOVDeg",  69.06056976      
        "SingleThirdVFOVDeg",  42.29701233      
     "LR_CalibrationSuccess",  1                
                    "LR_RMS",  0                
                   "LeftRMS",  0                
                   "LeftFLX",  0                
                   "LeftFLY",  0                
                   "LeftPPX",  0                
                   "LeftPPY",  0                
              "LeftDistort0",  0                
              "LeftDistort1",  0                
              "LeftDistort2",  0                
              "LeftDistort3",  0                
              "LeftDistort4",  0                
                  "RightRMS",  0                
                  "RightFLX",  0                
                  "RightFLY",  0                
                  "RightPPX",  0                
                  "RightPPY",  0                
             "RightDistort0",  0                
             "RightDistort1",  0                
             "RightDistort2",  0                
             "RightDistort3",  0                
             "RightDistort4",  0                
             "LR_RodriguesX",  0                
             "LR_RodriguesY",  0                
             "LR_RodriguesZ",  0                
           "LR_TranslationX",  0                
           "LR_TranslationY",  0                
           "LR_TranslationZ",  0                
                "LR_HFOVDeg",  0                
                "LR_VFOVDeg",  0                
     "LT_CalibrationSuccess",  0                
                  "ThirdRMS",  0.5751717791     
                  "ThirdFLX",  1378.017583      
                  "ThirdFLY",  1379.488091      
                  "ThirdPPX",  956.2792449      
                  "ThirdPPY",  553.4107255      
             "ThirdDistort0",  0.06898686028    
             "ThirdDistort1", -0.1355990017     
             "ThirdDistort2", -6.316788201e-05  
             "ThirdDistort3",  0.001941708841   
             "ThirdDistort4",  0                
             "LT_RodriguesX", -0.004051203016   
             "LT_RodriguesY",  0.002715943355   
             "LT_RodriguesZ", -0.0001036761481  
           "LT_TranslationX", -57.90158848      
           "LT_TranslationY", -0.06531244138    
           "LT_TranslationZ", -0.987595324      
                "LT_HFOVDeg",  0                
                "LT_VFOVDeg",  0                
