           "versionYYYYMMDD", 20140317         
          "LogFormatVersion",  20140317         
                  "ExitCode",  0                
               "ExitCodeStr", "CALIBRATION_OK"  
              "CalibDateStr", "2017.07.23-15h47m03s"
              "CalibDateSec",  1500824823       
         "WorkstationNumber", ""                
      "CommandLineArguments", "DSCalibrator -c /data/data/com.intel.realsense.oemtools/cache/R200/Camera_4031803302/Calibration/CornerData.dat -os 4031803302 -lr /data/data/com.intel.realsense.oemtools/cache/R200/Camera_4031803302/Calibration/CalibRectParameters.dat -cir 2 +41 -oc CalibRectParameters -od /data/data/com.intel.realsense.oemtools/cache/R200/Camera_4031803302/Calibration"
          "DeepSeaIFVersion",  0                
        "ModuleSerialNumber",  0                
            "ModuleTypeCode",  0                
            "LRLensTypeCode",  0                
         "ThirdLensTypeCode",  0                
       "CalibTargetTypeCode",  1                
             "SingleLeftRMS",  0                
             "SingleLeftFLX",  0                
             "SingleLeftFLY",  0                
             "SingleLeftPPX",  0                
             "SingleLeftPPY",  0                
        "SingleLeftDistort0",  0                
        "SingleLeftDistort1",  0                
        "SingleLeftDistort2",  0                
        "SingleLeftDistort3",  0                
        "SingleLeftDistort4",  0                
         "SingleLeftHFOVDeg",  0                
         "SingleLeftVFOVDeg",  0                
   "RightCalibrationSuccess",  1                
            "SingleRightRMS",  0                
            "SingleRightFLX",  0                
            "SingleRightFLY",  0                
            "SingleRightPPX",  0                
            "SingleRightPPY",  0                
       "SingleRightDistort0",  0                
       "SingleRightDistort1",  0                
       "SingleRightDistort2",  0                
       "SingleRightDistort3",  0                
       "SingleRightDistort4",  0                
        "SingleRightHFOVDeg",  0                
        "SingleRightVFOVDeg",  0                
   "ThirdCalibrationSuccess",  0                
            "SingleThirdRMS",  0.6309965017     
            "SingleThirdFLX",  1382.411515      
            "SingleThirdFLY",  1384.98908       
            "SingleThirdPPX",  973.6240373      
            "SingleThirdPPY",  537.7496607      
       "SingleThirdDistort0",  0.08430803805    
       "SingleThirdDistort1", -0.1566067127     
       "SingleThirdDistort2", -0.0002639078445  
       "SingleThirdDistort3", -0.001702397478   
       "SingleThirdDistort4",  0                
        "SingleThirdHFOVDeg",  68.59574127      
        "SingleThirdVFOVDeg",  41.96611023      
     "LR_CalibrationSuccess",  1                
                    "LR_RMS",  0                
                   "LeftRMS",  0                
                   "LeftFLX",  0                
                   "LeftFLY",  0                
                   "LeftPPX",  0                
                   "LeftPPY",  0                
              "LeftDistort0",  0                
              "LeftDistort1",  0                
              "LeftDistort2",  0                
              "LeftDistort3",  0                
              "LeftDistort4",  0                
                  "RightRMS",  0                
                  "RightFLX",  0                
                  "RightFLY",  0                
                  "RightPPX",  0                
                  "RightPPY",  0                
             "RightDistort0",  0                
             "RightDistort1",  0                
             "RightDistort2",  0                
             "RightDistort3",  0                
             "RightDistort4",  0                
             "LR_RodriguesX",  0                
             "LR_RodriguesY",  0                
             "LR_RodriguesZ",  0                
           "LR_TranslationX",  0                
           "LR_TranslationY",  0                
           "LR_TranslationZ",  0                
                "LR_HFOVDeg",  0                
                "LR_VFOVDeg",  0                
     "LT_CalibrationSuccess",  0                
                  "ThirdRMS",  0.6339516274     
                  "ThirdFLX",  1384.986785      
                  "ThirdFLY",  1387.945287      
                  "ThirdPPX",  974.6411166      
                  "ThirdPPY",  537.3680659      
             "ThirdDistort0",  0.08493407767    
             "ThirdDistort1", -0.1567261704     
             "ThirdDistort2", -0.0002583221346  
             "ThirdDistort3", -0.001366587018   
             "ThirdDistort4",  0                
             "LT_RodriguesX",  0.006179222428   
             "LT_RodriguesY",  5.980608857e-05  
             "LT_RodriguesZ", -0.002835178498   
           "LT_TranslationX", -58.12018649      
           "LT_TranslationY",  0.06092652184    
           "LT_TranslationZ", -1.0120784        
                "LT_HFOVDeg",  0                
                "LT_VFOVDeg",  0                
