           "versionYYYYMMDD", 20140317         
          "LogFormatVersion",  20140317         
                  "ExitCode",  0                
               "ExitCodeStr", "CALIBRATION_OK"  
              "CalibDateStr", "2011.01.10-05h59m12s"
              "CalibDateSec",  1294639152       
         "WorkstationNumber", ""                
      "CommandLineArguments", "DSCalibrator -c /data/data/com.intel.realsense.oemtools/cache/R200/Camera_3481803424/Calibration/CornerData.dat -os 3481803424 -lr /data/data/com.intel.realsense.oemtools/cache/R200/Camera_3481803424/Calibration/CalibRectParameters.dat -cir 2 +41 -oc CalibRectParameters -od /data/data/com.intel.realsense.oemtools/cache/R200/Camera_3481803424/Calibration"
          "DeepSeaIFVersion",  0                
        "ModuleSerialNumber",  0                
            "ModuleTypeCode",  0                
            "LRLensTypeCode",  0                
         "ThirdLensTypeCode",  0                
       "CalibTargetTypeCode",  1                
             "SingleLeftRMS",  0                
             "SingleLeftFLX",  0                
             "SingleLeftFLY",  0                
             "SingleLeftPPX",  0                
             "SingleLeftPPY",  0                
        "SingleLeftDistort0",  0                
        "SingleLeftDistort1",  0                
        "SingleLeftDistort2",  0                
        "SingleLeftDistort3",  0                
        "SingleLeftDistort4",  0                
         "SingleLeftHFOVDeg",  0                
         "SingleLeftVFOVDeg",  0                
   "RightCalibrationSuccess",  1                
            "SingleRightRMS",  0                
            "SingleRightFLX",  0                
            "SingleRightFLY",  0                
            "SingleRightPPX",  0                
            "SingleRightPPY",  0                
       "SingleRightDistort0",  0                
       "SingleRightDistort1",  0                
       "SingleRightDistort2",  0                
       "SingleRightDistort3",  0                
       "SingleRightDistort4",  0                
        "SingleRightHFOVDeg",  0                
        "SingleRightVFOVDeg",  0                
   "ThirdCalibrationSuccess",  0                
            "SingleThirdRMS",  0.6336189158     
            "SingleThirdFLX",  1371.605588      
            "SingleThirdFLY",  1374.963518      
            "SingleThirdPPX",  961.2872029      
            "SingleThirdPPY",  540.7345287      
       "SingleThirdDistort0",  0.07978345124    
       "SingleThirdDistort1", -0.1432368308     
       "SingleThirdDistort2", -0.0002479745134  
       "SingleThirdDistort3",  0.0003954496947  
       "SingleThirdDistort4",  0                
        "SingleThirdHFOVDeg",  69.04755402      
        "SingleThirdVFOVDeg",  42.29117966      
     "LR_CalibrationSuccess",  1                
                    "LR_RMS",  0                
                   "LeftRMS",  0                
                   "LeftFLX",  0                
                   "LeftFLY",  0                
                   "LeftPPX",  0                
                   "LeftPPY",  0                
              "LeftDistort0",  0                
              "LeftDistort1",  0                
              "LeftDistort2",  0                
              "LeftDistort3",  0                
              "LeftDistort4",  0                
                  "RightRMS",  0                
                  "RightFLX",  0                
                  "RightFLY",  0                
                  "RightPPX",  0                
                  "RightPPY",  0                
             "RightDistort0",  0                
             "RightDistort1",  0                
             "RightDistort2",  0                
             "RightDistort3",  0                
             "RightDistort4",  0                
             "LR_RodriguesX",  0                
             "LR_RodriguesY",  0                
             "LR_RodriguesZ",  0                
           "LR_TranslationX",  0                
           "LR_TranslationY",  0                
           "LR_TranslationZ",  0                
                "LR_HFOVDeg",  0                
                "LR_VFOVDeg",  0                
     "LT_CalibrationSuccess",  0                
                  "ThirdRMS",  0.6347907746     
                  "ThirdFLX",  1372.969056      
                  "ThirdFLY",  1376.435886      
                  "ThirdPPX",  960.5910979      
                  "ThirdPPY",  541.2589227      
             "ThirdDistort0",  0.08057525768    
             "ThirdDistort1", -0.1446394091     
             "ThirdDistort2", -0.0002141480627  
             "ThirdDistort3",  0.0003040350002  
             "ThirdDistort4",  0                
             "LT_RodriguesX",  0.004042132618   
             "LT_RodriguesY", -0.002445227341   
             "LT_RodriguesZ",  0.001272551461   
           "LT_TranslationX", -58.34891749      
           "LT_TranslationY",  0.03289500269    
           "LT_TranslationZ", -0.3338285854     
                "LT_HFOVDeg",  0                
                "LT_VFOVDeg",  0                
