           "versionYYYYMMDD", 20140317         
          "LogFormatVersion",  20140317         
                  "ExitCode",  0                
               "ExitCodeStr", "CALIBRATION_OK"  
              "CalibDateStr", "2011.01.10-06h44m54s"
              "CalibDateSec",  1294641894       
         "WorkstationNumber", ""                
      "CommandLineArguments", "DSCalibrator -c /data/data/com.intel.realsense.oemtools/cache/R200/Camera_4031803262/Calibration/CornerData.dat -os 4031803262 -lr /data/data/com.intel.realsense.oemtools/cache/R200/Camera_4031803262/Calibration/CalibRectParameters.dat -cir 2 +41 -oc CalibRectParameters -od /data/data/com.intel.realsense.oemtools/cache/R200/Camera_4031803262/Calibration"
          "DeepSeaIFVersion",  0                
        "ModuleSerialNumber",  0                
            "ModuleTypeCode",  0                
            "LRLensTypeCode",  0                
         "ThirdLensTypeCode",  0                
       "CalibTargetTypeCode",  1                
             "SingleLeftRMS",  0                
             "SingleLeftFLX",  0                
             "SingleLeftFLY",  0                
             "SingleLeftPPX",  0                
             "SingleLeftPPY",  0                
        "SingleLeftDistort0",  0                
        "SingleLeftDistort1",  0                
        "SingleLeftDistort2",  0                
        "SingleLeftDistort3",  0                
        "SingleLeftDistort4",  0                
         "SingleLeftHFOVDeg",  0                
         "SingleLeftVFOVDeg",  0                
   "RightCalibrationSuccess",  1                
            "SingleRightRMS",  0                
            "SingleRightFLX",  0                
            "SingleRightFLY",  0                
            "SingleRightPPX",  0                
            "SingleRightPPY",  0                
       "SingleRightDistort0",  0                
       "SingleRightDistort1",  0                
       "SingleRightDistort2",  0                
       "SingleRightDistort3",  0                
       "SingleRightDistort4",  0                
        "SingleRightHFOVDeg",  0                
        "SingleRightVFOVDeg",  0                
   "ThirdCalibrationSuccess",  0                
            "SingleThirdRMS",  0.68479836       
            "SingleThirdFLX",  1383.922924      
            "SingleThirdFLY",  1388.277897      
            "SingleThirdPPX",  983.9918895      
            "SingleThirdPPY",  532.3768301      
       "SingleThirdDistort0",  0.07358358756    
       "SingleThirdDistort1", -0.1351515275     
       "SingleThirdDistort2",  0.0005473999061  
       "SingleThirdDistort3", -0.001153194254   
       "SingleThirdDistort4",  0                
        "SingleThirdHFOVDeg",  68.55686188      
        "SingleThirdVFOVDeg",  41.93921661      
     "LR_CalibrationSuccess",  1                
                    "LR_RMS",  0                
                   "LeftRMS",  0                
                   "LeftFLX",  0                
                   "LeftFLY",  0                
                   "LeftPPX",  0                
                   "LeftPPY",  0                
              "LeftDistort0",  0                
              "LeftDistort1",  0                
              "LeftDistort2",  0                
              "LeftDistort3",  0                
              "LeftDistort4",  0                
                  "RightRMS",  0                
                  "RightFLX",  0                
                  "RightFLY",  0                
                  "RightPPX",  0                
                  "RightPPY",  0                
             "RightDistort0",  0                
             "RightDistort1",  0                
             "RightDistort2",  0                
             "RightDistort3",  0                
             "RightDistort4",  0                
             "LR_RodriguesX",  0                
             "LR_RodriguesY",  0                
             "LR_RodriguesZ",  0                
           "LR_TranslationX",  0                
           "LR_TranslationY",  0                
           "LR_TranslationZ",  0                
                "LR_HFOVDeg",  0                
                "LR_VFOVDeg",  0                
     "LT_CalibrationSuccess",  0                
                  "ThirdRMS",  0.6917744257     
                  "ThirdFLX",  1387.82415       
                  "ThirdFLY",  1392.03234       
                  "ThirdPPX",  987.273417       
                  "ThirdPPY",  533.799646       
             "ThirdDistort0",  0.07502989597    
             "ThirdDistort1", -0.1349805117     
             "ThirdDistort2",  0.0006843783771  
             "ThirdDistort3", -0.0002425820548  
             "ThirdDistort4",  0                
             "LT_RodriguesX",  0.002203864099   
             "LT_RodriguesY", -0.006786655982   
             "LT_RodriguesZ",  0.002232133897   
           "LT_TranslationX", -58.28366919      
           "LT_TranslationY",  0.2530940629     
           "LT_TranslationZ", -1.29810427       
                "LT_HFOVDeg",  0                
                "LT_VFOVDeg",  0                
