           "versionYYYYMMDD", 20140317         
          "LogFormatVersion",  20140317         
                  "ExitCode",  0                
               "ExitCodeStr", "CALIBRATION_OK"  
              "CalibDateStr", "2011.01.10-06h25m28s"
              "CalibDateSec",  1294640728       
         "WorkstationNumber", ""                
      "CommandLineArguments", "DSCalibrator -c /data/data/com.intel.realsense.oemtools/cache/R200/Camera_3481802300/Calibration/CornerData.dat -os 3481802300 -lr /data/data/com.intel.realsense.oemtools/cache/R200/Camera_3481802300/Calibration/CalibRectParameters.dat -cir 2 +41 -oc CalibRectParameters -od /data/data/com.intel.realsense.oemtools/cache/R200/Camera_3481802300/Calibration"
          "DeepSeaIFVersion",  0                
        "ModuleSerialNumber",  0                
            "ModuleTypeCode",  0                
            "LRLensTypeCode",  0                
         "ThirdLensTypeCode",  0                
       "CalibTargetTypeCode",  1                
             "SingleLeftRMS",  0                
             "SingleLeftFLX",  0                
             "SingleLeftFLY",  0                
             "SingleLeftPPX",  0                
             "SingleLeftPPY",  0                
        "SingleLeftDistort0",  0                
        "SingleLeftDistort1",  0                
        "SingleLeftDistort2",  0                
        "SingleLeftDistort3",  0                
        "SingleLeftDistort4",  0                
         "SingleLeftHFOVDeg",  0                
         "SingleLeftVFOVDeg",  0                
   "RightCalibrationSuccess",  1                
            "SingleRightRMS",  0                
            "SingleRightFLX",  0                
            "SingleRightFLY",  0                
            "SingleRightPPX",  0                
            "SingleRightPPY",  0                
       "SingleRightDistort0",  0                
       "SingleRightDistort1",  0                
       "SingleRightDistort2",  0                
       "SingleRightDistort3",  0                
       "SingleRightDistort4",  0                
        "SingleRightHFOVDeg",  0                
        "SingleRightVFOVDeg",  0                
   "ThirdCalibrationSuccess",  0                
            "SingleThirdRMS",  0.5597588109     
            "SingleThirdFLX",  1389.682328      
            "SingleThirdFLY",  1393.504842      
            "SingleThirdPPX",  953.7749866      
            "SingleThirdPPY",  544.1421154      
       "SingleThirdDistort0",  0.07423758148    
       "SingleThirdDistort1", -0.1328832772     
       "SingleThirdDistort2", -0.0005369303839  
       "SingleThirdDistort3", -0.001118340805   
       "SingleThirdDistort4",  0                
        "SingleThirdHFOVDeg",  68.34104156      
        "SingleThirdVFOVDeg",  41.78308487      
     "LR_CalibrationSuccess",  1                
                    "LR_RMS",  0                
                   "LeftRMS",  0                
                   "LeftFLX",  0                
                   "LeftFLY",  0                
                   "LeftPPX",  0                
                   "LeftPPY",  0                
              "LeftDistort0",  0                
              "LeftDistort1",  0                
              "LeftDistort2",  0                
              "LeftDistort3",  0                
              "LeftDistort4",  0                
                  "RightRMS",  0                
                  "RightFLX",  0                
                  "RightFLY",  0                
                  "RightPPX",  0                
                  "RightPPY",  0                
             "RightDistort0",  0                
             "RightDistort1",  0                
             "RightDistort2",  0                
             "RightDistort3",  0                
             "RightDistort4",  0                
             "LR_RodriguesX",  0                
             "LR_RodriguesY",  0                
             "LR_RodriguesZ",  0                
           "LR_TranslationX",  0                
           "LR_TranslationY",  0                
           "LR_TranslationZ",  0                
                "LR_HFOVDeg",  0                
                "LR_VFOVDeg",  0                
     "LT_CalibrationSuccess",  0                
                  "ThirdRMS",  0.5759771125     
                  "ThirdFLX",  1391.200426      
                  "ThirdFLY",  1395.417217      
                  "ThirdPPX",  964.0270432      
                  "ThirdPPY",  546.5142638      
             "ThirdDistort0",  0.07160397194    
             "ThirdDistort1", -0.1236394977     
             "ThirdDistort2", -0.0002301476744  
             "ThirdDistort3",  0.001310242632   
             "ThirdDistort4",  0                
             "LT_RodriguesX", -0.0004705471196  
             "LT_RodriguesY",  0.003393480765   
             "LT_RodriguesZ",  0.001977362659   
           "LT_TranslationX", -58.04551629      
           "LT_TranslationY",  0.1063644518     
           "LT_TranslationZ", -0.7063096652     
                "LT_HFOVDeg",  0                
                "LT_VFOVDeg",  0                
