           "versionYYYYMMDD", 20140317         
          "LogFormatVersion",  20140317         
                  "ExitCode",  0                
               "ExitCodeStr", "CALIBRATION_OK"  
              "CalibDateStr", "2011.01.10-06h10m05s"
              "CalibDateSec",  1294639805       
         "WorkstationNumber", ""                
      "CommandLineArguments", "DSCalibrator -c /data/data/com.intel.realsense.oemtools/cache/R200/Camera_4031804418/Calibration/CornerData.dat -os 4031804418 -lr /data/data/com.intel.realsense.oemtools/cache/R200/Camera_4031804418/Calibration/CalibRectParameters.dat -cir 2 +41 -oc CalibRectParameters -od /data/data/com.intel.realsense.oemtools/cache/R200/Camera_4031804418/Calibration"
          "DeepSeaIFVersion",  0                
        "ModuleSerialNumber",  0                
            "ModuleTypeCode",  0                
            "LRLensTypeCode",  0                
         "ThirdLensTypeCode",  0                
       "CalibTargetTypeCode",  1                
             "SingleLeftRMS",  0                
             "SingleLeftFLX",  0                
             "SingleLeftFLY",  0                
             "SingleLeftPPX",  0                
             "SingleLeftPPY",  0                
        "SingleLeftDistort0",  0                
        "SingleLeftDistort1",  0                
        "SingleLeftDistort2",  0                
        "SingleLeftDistort3",  0                
        "SingleLeftDistort4",  0                
         "SingleLeftHFOVDeg",  0                
         "SingleLeftVFOVDeg",  0                
   "RightCalibrationSuccess",  1                
            "SingleRightRMS",  0                
            "SingleRightFLX",  0                
            "SingleRightFLY",  0                
            "SingleRightPPX",  0                
            "SingleRightPPY",  0                
       "SingleRightDistort0",  0                
       "SingleRightDistort1",  0                
       "SingleRightDistort2",  0                
       "SingleRightDistort3",  0                
       "SingleRightDistort4",  0                
        "SingleRightHFOVDeg",  0                
        "SingleRightVFOVDeg",  0                
   "ThirdCalibrationSuccess",  0                
            "SingleThirdRMS",  0.6111471091     
            "SingleThirdFLX",  1382.061978      
            "SingleThirdFLY",  1384.283544      
            "SingleThirdPPX",  960.414725       
            "SingleThirdPPY",  544.4054001      
       "SingleThirdDistort0",  0.0852226048     
       "SingleThirdDistort1", -0.1647718439     
       "SingleThirdDistort2", -0.001319053108   
       "SingleThirdDistort3", -0.001556867517   
       "SingleThirdDistort4",  0                
        "SingleThirdHFOVDeg",  68.64651489      
        "SingleThirdVFOVDeg",  42.00237274      
     "LR_CalibrationSuccess",  1                
                    "LR_RMS",  0                
                   "LeftRMS",  0                
                   "LeftFLX",  0                
                   "LeftFLY",  0                
                   "LeftPPX",  0                
                   "LeftPPY",  0                
              "LeftDistort0",  0                
              "LeftDistort1",  0                
              "LeftDistort2",  0                
              "LeftDistort3",  0                
              "LeftDistort4",  0                
                  "RightRMS",  0                
                  "RightFLX",  0                
                  "RightFLY",  0                
                  "RightPPX",  0                
                  "RightPPY",  0                
             "RightDistort0",  0                
             "RightDistort1",  0                
             "RightDistort2",  0                
             "RightDistort3",  0                
             "RightDistort4",  0                
             "LR_RodriguesX",  0                
             "LR_RodriguesY",  0                
             "LR_RodriguesZ",  0                
           "LR_TranslationX",  0                
           "LR_TranslationY",  0                
           "LR_TranslationZ",  0                
                "LR_HFOVDeg",  0                
                "LR_VFOVDeg",  0                
     "LT_CalibrationSuccess",  0                
                  "ThirdRMS",  0.6129312227     
                  "ThirdFLX",  1383.110148      
                  "ThirdFLY",  1385.941687      
                  "ThirdPPX",  960.9780385      
                  "ThirdPPY",  544.5254339      
             "ThirdDistort0",  0.08478488671    
             "ThirdDistort1", -0.1638201834     
             "ThirdDistort2", -0.001351611676   
             "ThirdDistort3", -0.001362914302   
             "ThirdDistort4",  0                
             "LT_RodriguesX",  0.01251833199    
             "LT_RodriguesY", -4.131058116e-06  
             "LT_RodriguesZ", -0.001927453225   
           "LT_TranslationX", -58.27032794      
           "LT_TranslationY", -0.09462789951    
           "LT_TranslationZ", -0.4253265003     
                "LT_HFOVDeg",  0                
                "LT_VFOVDeg",  0                
